{
  "Logiqids_Landing_Page" : {
    "transaction" : "Logiqids_Landing_Page",
    "sampleCount" : 2000,
    "errorCount" : 0,
    "errorPct" : 0.0,
    "meanResTime" : 15217.684000000052,
    "medianResTime" : 19947.5,
    "minResTime" : 18.0,
    "maxResTime" : 28812.0,
    "pct1ResTime" : 25749.8,
    "pct2ResTime" : 26961.95,
    "pct3ResTime" : 28140.46,
    "throughput" : 54.10816221627032,
    "receivedKBytesPerSec" : 130.12146436977517,
    "sentKBytesPerSec" : 9.141320374428481
  },
  "Logiqids_Olympiad_Page" : {
    "transaction" : "Logiqids_Olympiad_Page",
    "sampleCount" : 2000,
    "errorCount" : 0,
    "errorPct" : 0.0,
    "meanResTime" : 124.80100000000003,
    "medianResTime" : 40.0,
    "minResTime" : 2.0,
    "maxResTime" : 2002.0,
    "pct1ResTime" : 383.9000000000001,
    "pct2ResTime" : 521.9499999999998,
    "pct3ResTime" : 1155.99,
    "throughput" : 127.77103430652271,
    "receivedKBytesPerSec" : 487.5629122612279,
    "sentKBytesPerSec" : 22.584528524883407
  },
  "Total" : {
    "transaction" : "Total",
    "sampleCount" : 8000,
    "errorCount" : 0,
    "errorPct" : 0.0,
    "meanResTime" : 3905.9021249999946,
    "medianResTime" : 97.0,
    "minResTime" : 2.0,
    "maxResTime" : 28812.0,
    "pct1ResTime" : 21816.500000000004,
    "pct2ResTime" : 23964.85,
    "pct3ResTime" : 27198.0,
    "throughput" : 199.79022026871783,
    "receivedKBytesPerSec" : 619.3691935967234,
    "sentKBytesPerSec" : 34.72915938264822
  },
  "Logiqids_Login_Page" : {
    "transaction" : "Logiqids_Login_Page",
    "sampleCount" : 2000,
    "errorCount" : 0,
    "errorPct" : 0.0,
    "meanResTime" : 140.83000000000024,
    "medianResTime" : 42.0,
    "minResTime" : 2.0,
    "maxResTime" : 1881.0,
    "pct1ResTime" : 460.0,
    "pct2ResTime" : 592.9499999999998,
    "pct3ResTime" : 1181.0,
    "throughput" : 127.82819890067748,
    "receivedKBytesPerSec" : 404.76543275837275,
    "sentKBytesPerSec" : 22.22013613703183
  },
  "Logiqids_Signup_Page" : {
    "transaction" : "Logiqids_Signup_Page",
    "sampleCount" : 2000,
    "errorCount" : 0,
    "errorPct" : 0.0,
    "meanResTime" : 140.29350000000008,
    "medianResTime" : 33.0,
    "minResTime" : 2.0,
    "maxResTime" : 1893.0,
    "pct1ResTime" : 446.7000000000003,
    "pct2ResTime" : 576.9499999999998,
    "pct3ResTime" : 1198.89,
    "throughput" : 127.70576591533109,
    "receivedKBytesPerSec" : 384.7978632231339,
    "sentKBytesPerSec" : 22.44827916480429
  }
}