{
  "Logiqids_Landing_Page" : {
    "transaction" : "Logiqids_Landing_Page",
    "sampleCount" : 50,
    "errorCount" : 0,
    "errorPct" : 0.0,
    "meanResTime" : 1037.5599999999995,
    "medianResTime" : 988.5,
    "minResTime" : 303.0,
    "maxResTime" : 1768.0,
    "pct1ResTime" : 1755.6,
    "pct2ResTime" : 1761.5,
    "pct3ResTime" : 1768.0,
    "throughput" : 24.2600679281902,
    "receivedKBytesPerSec" : 58.34025124332848,
    "sentKBytesPerSec" : 4.098624757399321
  },
  "Logiqids_Olympiad_Page" : {
    "transaction" : "Logiqids_Olympiad_Page",
    "sampleCount" : 50,
    "errorCount" : 0,
    "errorPct" : 0.0,
    "meanResTime" : 29.019999999999996,
    "medianResTime" : 29.0,
    "minResTime" : 6.0,
    "maxResTime" : 96.0,
    "pct1ResTime" : 49.9,
    "pct2ResTime" : 61.749999999999936,
    "pct3ResTime" : 96.0,
    "throughput" : 187.96992481203006,
    "receivedKBytesPerSec" : 717.3549107142857,
    "sentKBytesPerSec" : 33.22515272556391
  },
  "Total" : {
    "transaction" : "Total",
    "sampleCount" : 200,
    "errorCount" : 0,
    "errorPct" : 0.0,
    "meanResTime" : 282.6649999999999,
    "medianResTime" : 35.0,
    "minResTime" : 5.0,
    "maxResTime" : 1768.0,
    "pct1ResTime" : 1226.0000000000002,
    "pct2ResTime" : 1627.7499999999995,
    "pct3ResTime" : 1766.9,
    "throughput" : 95.4653937947494,
    "receivedKBytesPerSec" : 295.95204355608587,
    "sentKBytesPerSec" : 16.59457040572792
  },
  "Logiqids_Login_Page" : {
    "transaction" : "Logiqids_Login_Page",
    "sampleCount" : 50,
    "errorCount" : 0,
    "errorPct" : 0.0,
    "meanResTime" : 28.599999999999994,
    "medianResTime" : 20.0,
    "minResTime" : 5.0,
    "maxResTime" : 155.0,
    "pct1ResTime" : 57.9,
    "pct2ResTime" : 96.34999999999974,
    "pct3ResTime" : 155.0,
    "throughput" : 168.9189189189189,
    "receivedKBytesPerSec" : 534.9286053631757,
    "sentKBytesPerSec" : 29.362858952702705
  },
  "Logiqids_Signup_Page" : {
    "transaction" : "Logiqids_Signup_Page",
    "sampleCount" : 50,
    "errorCount" : 0,
    "errorPct" : 0.0,
    "meanResTime" : 35.48,
    "medianResTime" : 30.5,
    "minResTime" : 8.0,
    "maxResTime" : 138.0,
    "pct1ResTime" : 57.599999999999994,
    "pct2ResTime" : 86.94999999999987,
    "pct3ResTime" : 138.0,
    "throughput" : 168.9189189189189,
    "receivedKBytesPerSec" : 508.8682432432433,
    "sentKBytesPerSec" : 29.692778716216218
  }
}