{
  "Logiqids_Landing_Page" : {
    "transaction" : "Logiqids_Landing_Page",
    "sampleCount" : 4000,
    "errorCount" : 0,
    "errorPct" : 0.0,
    "meanResTime" : 6340.131250000007,
    "medianResTime" : 2634.5,
    "minResTime" : 11.0,
    "maxResTime" : 28806.0,
    "pct1ResTime" : 27978.3,
    "pct2ResTime" : 28314.0,
    "pct3ResTime" : 28637.97,
    "throughput" : 62.1803541171167,
    "receivedKBytesPerSec" : 149.52954246918188,
    "sentKBytesPerSec" : 10.505079357676943
  },
  "Logiqids_Olympiad_Page" : {
    "transaction" : "Logiqids_Olympiad_Page",
    "sampleCount" : 4000,
    "errorCount" : 0,
    "errorPct" : 0.0,
    "meanResTime" : 82.85274999999989,
    "medianResTime" : 16.0,
    "minResTime" : 2.0,
    "maxResTime" : 1340.0,
    "pct1ResTime" : 243.9000000000001,
    "pct2ResTime" : 315.0,
    "pct3ResTime" : 967.9499999999989,
    "throughput" : 110.05337588730535,
    "receivedKBytesPerSec" : 419.95653536496457,
    "sentKBytesPerSec" : 19.45279398008034
  },
  "Total" : {
    "transaction" : "Total",
    "sampleCount" : 16000,
    "errorCount" : 0,
    "errorPct" : 0.0,
    "meanResTime" : 1633.026062500019,
    "medianResTime" : 27.0,
    "minResTime" : 2.0,
    "maxResTime" : 28806.0,
    "pct1ResTime" : 3057.0,
    "pct2ResTime" : 3933.949999999999,
    "pct3ResTime" : 28382.97,
    "throughput" : 237.6002376002376,
    "receivedKBytesPerSec" : 736.5839397089396,
    "sentKBytesPerSec" : 41.3016038016038
  },
  "Logiqids_Login_Page" : {
    "transaction" : "Logiqids_Login_Page",
    "sampleCount" : 4000,
    "errorCount" : 0,
    "errorPct" : 0.0,
    "meanResTime" : 32.5317499999999,
    "medianResTime" : 9.0,
    "minResTime" : 2.0,
    "maxResTime" : 575.0,
    "pct1ResTime" : 72.0,
    "pct2ResTime" : 178.0,
    "pct3ResTime" : 328.97999999999956,
    "throughput" : 108.0672178094775,
    "receivedKBytesPerSec" : 342.1972988683336,
    "sentKBytesPerSec" : 18.78512184578808
  },
  "Logiqids_Signup_Page" : {
    "transaction" : "Logiqids_Signup_Page",
    "sampleCount" : 4000,
    "errorCount" : 0,
    "errorPct" : 0.0,
    "meanResTime" : 76.58850000000015,
    "medianResTime" : 9.0,
    "minResTime" : 2.0,
    "maxResTime" : 1934.0,
    "pct1ResTime" : 215.9000000000001,
    "pct2ResTime" : 321.9499999999998,
    "pct3ResTime" : 1026.9799999999996,
    "throughput" : 109.12563088255355,
    "receivedKBytesPerSec" : 328.8131362109535,
    "sentKBytesPerSec" : 19.182239803573864
  }
}