{
  "Logiqids_Landing_Page" : {
    "transaction" : "Logiqids_Landing_Page",
    "sampleCount" : 10,
    "errorCount" : 0,
    "errorPct" : 0.0,
    "meanResTime" : 205.7,
    "medianResTime" : 111.0,
    "minResTime" : 24.0,
    "maxResTime" : 585.0,
    "pct1ResTime" : 580.9,
    "pct2ResTime" : 585.0,
    "pct3ResTime" : 585.0,
    "throughput" : 5.977286312014346,
    "receivedKBytesPerSec" : 14.374089397788405,
    "sentKBytesPerSec" : 1.009834503885236
  },
  "Logiqids_Olympiad_Page" : {
    "transaction" : "Logiqids_Olympiad_Page",
    "sampleCount" : 10,
    "errorCount" : 0,
    "errorPct" : 0.0,
    "meanResTime" : 6.0,
    "medianResTime" : 5.0,
    "minResTime" : 4.0,
    "maxResTime" : 9.0,
    "pct1ResTime" : 9.0,
    "pct2ResTime" : 9.0,
    "pct3ResTime" : 9.0,
    "throughput" : 9.165902841429881,
    "receivedKBytesPerSec" : 34.970067598533454,
    "sentKBytesPerSec" : 1.6201449358386801
  },
  "Total" : {
    "transaction" : "Total",
    "sampleCount" : 40,
    "errorCount" : 0,
    "errorPct" : 0.0,
    "meanResTime" : 56.57499999999999,
    "medianResTime" : 8.0,
    "minResTime" : 4.0,
    "maxResTime" : 585.0,
    "pct1ResTime" : 174.2,
    "pct2ResTime" : 534.4999999999992,
    "pct3ResTime" : 585.0,
    "throughput" : 23.62669816893089,
    "receivedKBytesPerSec" : 73.24507161842882,
    "sentKBytesPerSec" : 4.10698464264619
  },
  "Logiqids_Login_Page" : {
    "transaction" : "Logiqids_Login_Page",
    "sampleCount" : 10,
    "errorCount" : 0,
    "errorPct" : 0.0,
    "meanResTime" : 7.500000000000002,
    "medianResTime" : 7.0,
    "minResTime" : 4.0,
    "maxResTime" : 14.0,
    "pct1ResTime" : 13.500000000000002,
    "pct2ResTime" : 14.0,
    "pct3ResTime" : 14.0,
    "throughput" : 9.165902841429881,
    "receivedKBytesPerSec" : 29.023867151695693,
    "sentKBytesPerSec" : 1.5932917048579285
  },
  "Logiqids_Signup_Page" : {
    "transaction" : "Logiqids_Signup_Page",
    "sampleCount" : 10,
    "errorCount" : 0,
    "errorPct" : 0.0,
    "meanResTime" : 7.1000000000000005,
    "medianResTime" : 7.5,
    "minResTime" : 5.0,
    "maxResTime" : 9.0,
    "pct1ResTime" : 9.0,
    "pct2ResTime" : 9.0,
    "pct3ResTime" : 9.0,
    "throughput" : 9.140767824497258,
    "receivedKBytesPerSec" : 27.54906021480804,
    "sentKBytesPerSec" : 1.6067755941499084
  }
}