{
  "Logiqids_Landing_Page" : {
    "transaction" : "Logiqids_Landing_Page",
    "sampleCount" : 500,
    "errorCount" : 0,
    "errorPct" : 0.0,
    "meanResTime" : 22381.771999999943,
    "medianResTime" : 22513.5,
    "minResTime" : 18783.0,
    "maxResTime" : 24949.0,
    "pct1ResTime" : 24536.5,
    "pct2ResTime" : 24764.6,
    "pct3ResTime" : 24910.92,
    "throughput" : 20.01120627551429,
    "receivedKBytesPerSec" : 48.12265181001361,
    "sentKBytesPerSec" : 3.3807994977187223
  },
  "Logiqids_Olympiad_Page" : {
    "transaction" : "Logiqids_Olympiad_Page",
    "sampleCount" : 500,
    "errorCount" : 0,
    "errorPct" : 0.0,
    "meanResTime" : 8.36600000000001,
    "medianResTime" : 5.0,
    "minResTime" : 2.0,
    "maxResTime" : 90.0,
    "pct1ResTime" : 16.0,
    "pct2ResTime" : 26.94999999999999,
    "pct3ResTime" : 49.98000000000002,
    "throughput" : 559.2841163310962,
    "receivedKBytesPerSec" : 2134.1823091442952,
    "sentKBytesPerSec" : 98.85783696868009
  },
  "Total" : {
    "transaction" : "Total",
    "sampleCount" : 2000,
    "errorCount" : 0,
    "errorPct" : 0.0,
    "meanResTime" : 5608.156999999997,
    "medianResTime" : 8.0,
    "minResTime" : 2.0,
    "maxResTime" : 24949.0,
    "pct1ResTime" : 23079.3,
    "pct2ResTime" : 24104.9,
    "pct3ResTime" : 24792.98,
    "throughput" : 71.10099896903552,
    "receivedKBytesPerSec" : 220.42004026094065,
    "sentKBytesPerSec" : 12.359353336414376
  },
  "Logiqids_Login_Page" : {
    "transaction" : "Logiqids_Login_Page",
    "sampleCount" : 500,
    "errorCount" : 0,
    "errorPct" : 0.0,
    "meanResTime" : 36.145999999999994,
    "medianResTime" : 7.0,
    "minResTime" : 3.0,
    "maxResTime" : 207.0,
    "pct1ResTime" : 142.0,
    "pct2ResTime" : 159.95,
    "pct3ResTime" : 192.99,
    "throughput" : 578.7037037037037,
    "receivedKBytesPerSec" : 1832.4675383391204,
    "sentKBytesPerSec" : 100.59497974537037
  },
  "Logiqids_Signup_Page" : {
    "transaction" : "Logiqids_Signup_Page",
    "sampleCount" : 500,
    "errorCount" : 0,
    "errorPct" : 0.0,
    "meanResTime" : 6.343999999999996,
    "medianResTime" : 4.0,
    "minResTime" : 2.0,
    "maxResTime" : 36.0,
    "pct1ResTime" : 13.0,
    "pct2ResTime" : 16.0,
    "pct3ResTime" : 27.960000000000036,
    "throughput" : 566.8934240362812,
    "receivedKBytesPerSec" : 1708.1539647108843,
    "sentKBytesPerSec" : 99.64923469387755
  }
}