{
  "Logiqids_Landing_Page" : {
    "transaction" : "Logiqids_Landing_Page",
    "sampleCount" : 3000,
    "errorCount" : 0,
    "errorPct" : 0.0,
    "meanResTime" : 9389.71866666668,
    "medianResTime" : 4203.5,
    "minResTime" : 18.0,
    "maxResTime" : 32052.0,
    "pct1ResTime" : 31379.8,
    "pct2ResTime" : 31655.9,
    "pct3ResTime" : 31944.0,
    "throughput" : 55.91798695246971,
    "receivedKBytesPerSec" : 134.46972565237652,
    "sentKBytesPerSec" : 9.447081780055917
  },
  "Logiqids_Olympiad_Page" : {
    "transaction" : "Logiqids_Olympiad_Page",
    "sampleCount" : 3000,
    "errorCount" : 0,
    "errorPct" : 0.0,
    "meanResTime" : 146.52333333333297,
    "medianResTime" : 13.0,
    "minResTime" : 2.0,
    "maxResTime" : 1792.0,
    "pct1ResTime" : 451.0000000000018,
    "pct2ResTime" : 1144.9499999999998,
    "pct3ResTime" : 1385.9899999999998,
    "throughput" : 138.62575666558845,
    "receivedKBytesPerSec" : 528.9873587028095,
    "sentKBytesPerSec" : 24.503185504366712
  },
  "Total" : {
    "transaction" : "Total",
    "sampleCount" : 12000,
    "errorCount" : 0,
    "errorPct" : 0.0,
    "meanResTime" : 2439.98525000001,
    "medianResTime" : 25.0,
    "minResTime" : 2.0,
    "maxResTime" : 32052.0,
    "pct1ResTime" : 4681.799999999999,
    "pct2ResTime" : 29653.999999999956,
    "pct3ResTime" : 31736.989999999998,
    "throughput" : 211.77840919118296,
    "receivedKBytesPerSec" : 656.5337499779398,
    "sentKBytesPerSec" : 36.8130437851861
  },
  "Logiqids_Login_Page" : {
    "transaction" : "Logiqids_Login_Page",
    "sampleCount" : 3000,
    "errorCount" : 0,
    "errorPct" : 0.0,
    "meanResTime" : 120.71399999999979,
    "medianResTime" : 9.0,
    "minResTime" : 2.0,
    "maxResTime" : 1239.0,
    "pct1ResTime" : 500.0,
    "pct2ResTime" : 522.0,
    "pct3ResTime" : 1114.0,
    "throughput" : 137.00506918755994,
    "receivedKBytesPerSec" : 433.8302086187606,
    "sentKBytesPerSec" : 23.81533429236882
  },
  "Logiqids_Signup_Page" : {
    "transaction" : "Logiqids_Signup_Page",
    "sampleCount" : 3000,
    "errorCount" : 0,
    "errorPct" : 0.0,
    "meanResTime" : 102.98500000000031,
    "medianResTime" : 8.0,
    "minResTime" : 2.0,
    "maxResTime" : 2428.0,
    "pct1ResTime" : 359.0,
    "pct2ResTime" : 524.9499999999998,
    "pct3ResTime" : 1422.9699999999993,
    "throughput" : 137.33119707026782,
    "receivedKBytesPerSec" : 413.8006677014191,
    "sentKBytesPerSec" : 24.140249485008013
  }
}