{
  "Logiqids_Landing_Page" : {
    "transaction" : "Logiqids_Landing_Page",
    "sampleCount" : 100,
    "errorCount" : 0,
    "errorPct" : 0.0,
    "meanResTime" : 2467.6000000000004,
    "medianResTime" : 2463.0,
    "minResTime" : 1423.0,
    "maxResTime" : 3394.0,
    "pct1ResTime" : 3192.9,
    "pct2ResTime" : 3353.249999999999,
    "pct3ResTime" : 3393.91,
    "throughput" : 29.129041654529566,
    "receivedKBytesPerSec" : 70.0510782296825,
    "sentKBytesPerSec" : 4.9212150451500145
  },
  "Logiqids_Olympiad_Page" : {
    "transaction" : "Logiqids_Olympiad_Page",
    "sampleCount" : 100,
    "errorCount" : 0,
    "errorPct" : 0.0,
    "meanResTime" : 89.40999999999998,
    "medianResTime" : 90.5,
    "minResTime" : 3.0,
    "maxResTime" : 319.0,
    "pct1ResTime" : 159.30000000000004,
    "pct2ResTime" : 172.69999999999993,
    "pct3ResTime" : 318.0199999999995,
    "throughput" : 193.05019305019306,
    "receivedKBytesPerSec" : 736.6373069498069,
    "sentKBytesPerSec" : 34.123129826254825
  },
  "Total" : {
    "transaction" : "Total",
    "sampleCount" : 400,
    "errorCount" : 0,
    "errorPct" : 0.0,
    "meanResTime" : 694.0725000000003,
    "medianResTime" : 133.0,
    "minResTime" : 3.0,
    "maxResTime" : 3394.0,
    "pct1ResTime" : 2725.6000000000013,
    "pct2ResTime" : 3071.2,
    "pct3ResTime" : 3357.99,
    "throughput" : 106.55301012253595,
    "receivedKBytesPerSec" : 330.32473694725627,
    "sentKBytesPerSec" : 18.521909962706445
  },
  "Logiqids_Login_Page" : {
    "transaction" : "Logiqids_Login_Page",
    "sampleCount" : 100,
    "errorCount" : 0,
    "errorPct" : 0.0,
    "meanResTime" : 107.02999999999999,
    "medianResTime" : 83.5,
    "minResTime" : 3.0,
    "maxResTime" : 294.0,
    "pct1ResTime" : 219.70000000000002,
    "pct2ResTime" : 224.95,
    "pct3ResTime" : 293.4899999999997,
    "throughput" : 234.7417840375587,
    "receivedKBytesPerSec" : 743.2786825117371,
    "sentKBytesPerSec" : 40.80472417840376
  },
  "Logiqids_Signup_Page" : {
    "transaction" : "Logiqids_Signup_Page",
    "sampleCount" : 100,
    "errorCount" : 0,
    "errorPct" : 0.0,
    "meanResTime" : 112.24999999999999,
    "medianResTime" : 96.5,
    "minResTime" : 3.0,
    "maxResTime" : 261.0,
    "pct1ResTime" : 214.9,
    "pct2ResTime" : 233.79999999999995,
    "pct3ResTime" : 260.8299999999999,
    "throughput" : 196.46365422396855,
    "receivedKBytesPerSec" : 592.0213500736738,
    "sentKBytesPerSec" : 34.53462671905697
  }
}