{
  "Logiqids_Landing_Page" : {
    "transaction" : "Logiqids_Landing_Page",
    "sampleCount" : 1000,
    "errorCount" : 0,
    "errorPct" : 0.0,
    "meanResTime" : 36416.43,
    "medianResTime" : 36522.5,
    "minResTime" : 31983.0,
    "maxResTime" : 39031.0,
    "pct1ResTime" : 38529.8,
    "pct2ResTime" : 38779.5,
    "pct3ResTime" : 38926.98,
    "throughput" : 25.61409799953895,
    "receivedKBytesPerSec" : 61.59640266002408,
    "sentKBytesPerSec" : 4.327381790937732
  },
  "Logiqids_Olympiad_Page" : {
    "transaction" : "Logiqids_Olympiad_Page",
    "sampleCount" : 1000,
    "errorCount" : 0,
    "errorPct" : 0.0,
    "meanResTime" : 84.81899999999996,
    "medianResTime" : 61.0,
    "minResTime" : 3.0,
    "maxResTime" : 406.0,
    "pct1ResTime" : 195.0,
    "pct2ResTime" : 229.0,
    "pct3ResTime" : 302.0,
    "throughput" : 701.7543859649122,
    "receivedKBytesPerSec" : 2677.827576754386,
    "sentKBytesPerSec" : 124.04057017543859
  },
  "Total" : {
    "transaction" : "Total",
    "sampleCount" : 4000,
    "errorCount" : 0,
    "errorPct" : 0.0,
    "meanResTime" : 9191.565000000006,
    "medianResTime" : 154.0,
    "minResTime" : 3.0,
    "maxResTime" : 39031.0,
    "pct1ResTime" : 37078.6,
    "pct2ResTime" : 38106.549999999996,
    "pct3ResTime" : 38797.97,
    "throughput" : 93.23357340978485,
    "receivedKBytesPerSec" : 289.0331824114864,
    "sentKBytesPerSec" : 16.20661725287276
  },
  "Logiqids_Login_Page" : {
    "transaction" : "Logiqids_Login_Page",
    "sampleCount" : 1000,
    "errorCount" : 0,
    "errorPct" : 0.0,
    "meanResTime" : 200.817,
    "medianResTime" : 195.0,
    "minResTime" : 3.0,
    "maxResTime" : 506.0,
    "pct1ResTime" : 383.9,
    "pct2ResTime" : 419.0,
    "pct3ResTime" : 495.98,
    "throughput" : 1013.1712259371834,
    "receivedKBytesPerSec" : 3208.2106446301927,
    "sentKBytesPerSec" : 176.11765450861196
  },
  "Logiqids_Signup_Page" : {
    "transaction" : "Logiqids_Signup_Page",
    "sampleCount" : 1000,
    "errorCount" : 0,
    "errorPct" : 0.0,
    "meanResTime" : 64.19400000000005,
    "medianResTime" : 23.0,
    "minResTime" : 3.0,
    "maxResTime" : 247.0,
    "pct1ResTime" : 185.0,
    "pct2ResTime" : 194.94999999999993,
    "pct3ResTime" : 199.0,
    "throughput" : 768.6395080707148,
    "receivedKBytesPerSec" : 2316.062463970023,
    "sentKBytesPerSec" : 135.11241352805536
  }
}