{
  "Logiqids_Landing_Page" : {
    "transaction" : "Logiqids_Landing_Page",
    "sampleCount" : 5000,
    "errorCount" : 0,
    "errorPct" : 0.0,
    "meanResTime" : 5302.830000000034,
    "medianResTime" : 3777.0,
    "minResTime" : 9.0,
    "maxResTime" : 22280.0,
    "pct1ResTime" : 19791.100000000006,
    "pct2ResTime" : 21682.9,
    "pct3ResTime" : 22185.97,
    "throughput" : 86.15787569141695,
    "receivedKBytesPerSec" : 207.1915339386642,
    "sentKBytesPerSec" : 14.55596923302259
  },
  "Logiqids_Olympiad_Page" : {
    "transaction" : "Logiqids_Olympiad_Page",
    "sampleCount" : 5000,
    "errorCount" : 0,
    "errorPct" : 0.0,
    "meanResTime" : 151.02380000000014,
    "medianResTime" : 25.0,
    "minResTime" : 1.0,
    "maxResTime" : 2455.0,
    "pct1ResTime" : 534.9000000000005,
    "pct2ResTime" : 787.7499999999991,
    "pct3ResTime" : 1225.9599999999991,
    "throughput" : 136.47778141718527,
    "receivedKBytesPerSec" : 520.787272082105,
    "sentKBytesPerSec" : 24.123514098154818
  },
  "Total" : {
    "transaction" : "Total",
    "sampleCount" : 20000,
    "errorCount" : 0,
    "errorPct" : 0.0,
    "meanResTime" : 1386.7440499999962,
    "medianResTime" : 29.0,
    "minResTime" : 1.0,
    "maxResTime" : 22280.0,
    "pct1ResTime" : 4166.0,
    "pct2ResTime" : 5609.9000000000015,
    "pct3ResTime" : 21825.0,
    "throughput" : 327.1769536553845,
    "receivedKBytesPerSec" : 1014.2805072060725,
    "sentKBytesPerSec" : 56.87255639712739
  },
  "Logiqids_Login_Page" : {
    "transaction" : "Logiqids_Login_Page",
    "sampleCount" : 5000,
    "errorCount" : 0,
    "errorPct" : 0.0,
    "meanResTime" : 30.977400000000017,
    "medianResTime" : 8.0,
    "minResTime" : 1.0,
    "maxResTime" : 1365.0,
    "pct1ResTime" : 73.0,
    "pct2ResTime" : 123.0,
    "pct3ResTime" : 372.9899999999998,
    "throughput" : 136.47405628190083,
    "receivedKBytesPerSec" : 432.1445128046783,
    "sentKBytesPerSec" : 23.72302931462729
  },
  "Logiqids_Signup_Page" : {
    "transaction" : "Logiqids_Signup_Page",
    "sampleCount" : 5000,
    "errorCount" : 0,
    "errorPct" : 0.0,
    "meanResTime" : 62.14499999999991,
    "medianResTime" : 11.0,
    "minResTime" : 1.0,
    "maxResTime" : 2005.0,
    "pct1ResTime" : 195.0,
    "pct2ResTime" : 333.0,
    "pct3ResTime" : 588.9899999999998,
    "throughput" : 136.4889580432943,
    "receivedKBytesPerSec" : 411.2675953460677,
    "sentKBytesPerSec" : 23.992199656047823
  }
}